ner_prec_micro;ner_rec_micro;ner_f1_micro;ner_prec_macro;ner_rec_macro;ner_f1_macro;rel_prec_micro;rel_rec_micro;rel_f1_micro;rel_prec_macro;rel_rec_macro;rel_f1_macro;rel_nec_prec_micro;rel_nec_rec_micro;rel_nec_f1_micro;rel_nec_prec_macro;rel_nec_rec_macro;rel_nec_f1_macro;epoch;iteration;global_iteration
65.38351867693186;73.99161019683768;69.42173781410838;54.21434415447531;61.16590177502977;57.39763002626663;36.346336822074214;48.724489795918366;41.63487738419619;33.41652822384559;37.51108896832345;33.26772624723616;32.159847764034254;43.11224489795919;36.83923705722071;30.71155589992219;33.7748541837789;30.193422960568594;5;0;28025
