lr;epoch;iteration;global_iteration
1.7841213202497771e-06;0;100;100
3.5682426404995543e-06;0;200;200
5.352363960749331e-06;0;300;300
7.1364852809991086e-06;0;400;400
8.920606601248884e-06;0;500;500
1.0704727921498663e-05;0;600;600
1.2488849241748438e-05;0;700;700
1.4272970561998217e-05;0;800;800
1.6057091882247994e-05;0;900;900
1.7841213202497768e-05;0;1000;1000
1.962533452274755e-05;0;1100;1100
2.1409455842997326e-05;0;1200;1200
2.3193577163247103e-05;0;1300;1300
2.4977698483496877e-05;0;1400;1400
2.6761819803746657e-05;0;1500;1500
2.8545941123996434e-05;0;1600;1600
3.033006244424621e-05;0;1700;1700
3.211418376449599e-05;0;1800;1800
3.389830508474576e-05;0;1900;1900
3.5682426404995536e-05;0;2000;2000
3.746654772524532e-05;0;2100;2100
3.92506690454951e-05;0;2200;2200
4.103479036574487e-05;0;2300;2300
