ner_prec_micro;ner_rec_micro;ner_f1_micro;ner_prec_macro;ner_rec_macro;ner_f1_macro;rel_prec_micro;rel_rec_micro;rel_f1_micro;rel_prec_macro;rel_rec_macro;rel_f1_macro;rel_nec_prec_micro;rel_nec_rec_micro;rel_nec_f1_micro;rel_nec_prec_macro;rel_nec_rec_macro;rel_nec_f1_macro;epoch;iteration;global_iteration
77.6555023923445;81.90764572293718;79.72491710671743;67.91479655374386;72.00511668510389;69.58165020097903;50.63571033720288;58.38113448056087;54.23327412670219;50.971979805591126;57.8238208338735;53.92658769197506;44.66556108347153;51.497769279796046;47.83895796329189;45.12606232461322;51.179087902276834;47.722363487342356;5;0;24125
